{"meta": {"format": 3, "version": "7.13.5", "timestamp": "2026-04-30T16:15:43.414514", "branch_coverage": false, "show_contexts": false}, "files": {"alert-engine/engine.py": {"executed_lines": [7, 8, 9, 10, 11, 12, 13, 14, 15, 16, 17, 19, 20, 22, 23, 24, 27, 34, 37, 40, 41, 43, 44, 46, 48, 50, 52, 53, 54, 57, 58, 59, 60, 64, 65, 66, 68, 69, 71, 73, 76, 77, 78, 79, 80, 81, 82, 84, 88, 90, 91, 93, 94, 95, 97, 98, 99, 100, 101, 102, 105, 110, 111, 114, 115, 116, 117, 118, 119, 122, 123, 126, 127, 128, 129, 130, 131, 134, 135, 136, 137, 138, 140, 143, 146, 147, 148, 149, 150, 151, 152, 154, 156, 157, 158, 159, 160, 161, 162, 163, 164, 165, 166, 167, 168, 169, 170, 172, 174, 175, 177, 178, 179, 181, 182, 183, 184, 185, 186, 187, 188, 189, 190, 191, 197, 198, 200, 202, 203, 204, 205, 206, 208, 210, 212, 213, 215, 216, 217, 237, 239, 241, 244, 245, 246, 247, 248, 250, 251, 254, 255, 256, 257, 258, 263, 265, 267, 269, 270, 271, 272, 275, 281, 282, 287, 291, 293, 294, 295, 296, 297, 298, 299, 300, 303, 304, 305, 306, 307, 308, 310, 312, 313, 314, 317, 318, 321, 322, 325, 326, 331, 332, 334, 336, 337, 338, 340, 343, 345, 347, 349, 351, 352, 353, 354, 355, 357, 358, 359, 360, 361, 362, 363, 364, 366, 368, 370, 371, 374, 376, 377, 378, 379, 381, 383, 384, 385, 387, 396, 398, 399, 400, 403, 404, 407, 408, 409, 411, 413, 414, 415, 416, 417, 419, 420, 423, 426, 427, 428, 429, 430, 431, 433, 435, 436, 438, 440, 442, 443, 444, 446, 447, 449, 451, 453, 454, 455, 479, 481, 483, 484, 485, 487, 490, 493, 496, 500, 501, 503, 505, 507, 508, 509, 511, 512, 513, 515, 516, 518, 520, 521, 524, 526, 527, 528, 529, 534, 538, 550, 552, 553, 554, 555, 556, 558, 560, 561, 562, 572], "summary": {"covered_lines": 309, "num_statements": 376, "percent_covered": 82.18085106382979, "percent_covered_display": "82.18", "missing_lines": 67, "excluded_lines": 0, "percent_statements_covered": 82.18085106382979, "percent_statements_covered_display": "82.18"}, "missing_lines": [21, 72, 85, 86, 103, 104, 106, 107, 108, 192, 193, 194, 195, 220, 222, 223, 226, 227, 228, 231, 234, 235, 259, 260, 261, 277, 283, 284, 285, 328, 441, 457, 458, 460, 461, 463, 465, 467, 468, 469, 470, 472, 474, 475, 476, 477, 497, 498, 514, 531, 535, 536, 540, 541, 542, 543, 544, 545, 546, 547, 564, 565, 566, 567, 568, 569, 573], "excluded_lines": [], "functions": {"AuditParser.parse_line": {"executed_lines": [43, 44, 46, 48, 50, 52, 53, 54, 57, 58, 59, 60, 64, 65, 66, 68, 69, 71, 73, 76, 77, 78, 79, 80, 81, 82, 84, 88], "summary": {"covered_lines": 28, "num_statements": 31, "percent_covered": 90.3225806451613, "percent_covered_display": "90.32", "missing_lines": 3, "excluded_lines": 0, "percent_statements_covered": 90.3225806451613, "percent_statements_covered_display": "90.32"}, "missing_lines": [72, 85, 86], "excluded_lines": [], "start_line": 41}, "AuditParser.decode_audit_value": {"executed_lines": [93, 94, 95, 97, 98, 99, 100, 101, 102, 105], "summary": {"covered_lines": 10, "num_statements": 15, "percent_covered": 66.66666666666667, "percent_covered_display": "66.67", "missing_lines": 5, "excluded_lines": 0, "percent_statements_covered": 66.66666666666667, "percent_statements_covered_display": "66.67"}, "missing_lines": [103, 104, 106, 107, 108], "excluded_lines": [], "start_line": 91}, "AuditParser.enrich_event": {"executed_lines": [114, 115, 116, 117, 118, 119, 122, 123, 126, 127, 128, 129, 130, 131, 134, 135, 136, 137, 138, 140], "summary": {"covered_lines": 20, "num_statements": 20, "percent_covered": 100.0, "percent_covered_display": "100.00", "missing_lines": 0, "excluded_lines": 0, "percent_statements_covered": 100.0, "percent_statements_covered_display": "100.00"}, "missing_lines": [], "excluded_lines": [], "start_line": 111}, "RuleEngine.__init__": {"executed_lines": [147, 148, 149, 150, 151, 152], "summary": {"covered_lines": 6, "num_statements": 6, "percent_covered": 100.0, "percent_covered_display": "100.00", "missing_lines": 0, "excluded_lines": 0, "percent_statements_covered": 100.0, "percent_statements_covered_display": "100.00"}, "missing_lines": [], "excluded_lines": [], "start_line": 146}, "RuleEngine._load_config": {"executed_lines": [156, 157, 158, 159, 160, 161, 162, 163, 164, 165, 166, 167, 168, 169, 170], "summary": {"covered_lines": 15, "num_statements": 15, "percent_covered": 100.0, "percent_covered_display": "100.00", "missing_lines": 0, "excluded_lines": 0, "percent_statements_covered": 100.0, "percent_statements_covered_display": "100.00"}, "missing_lines": [], "excluded_lines": [], "start_line": 154}, "RuleEngine._load_rules": {"executed_lines": [174, 175, 177, 178, 179, 181, 182, 183, 184, 185, 186, 187, 188, 189, 190, 191, 197, 198], "summary": {"covered_lines": 18, "num_statements": 22, "percent_covered": 81.81818181818181, "percent_covered_display": "81.82", "missing_lines": 4, "excluded_lines": 0, "percent_statements_covered": 81.81818181818181, "percent_statements_covered_display": "81.82"}, "missing_lines": [192, 193, 194, 195], "excluded_lines": [], "start_line": 172}, "RuleEngine.check_and_reload_rules": {"executed_lines": [202, 203, 204, 205, 206], "summary": {"covered_lines": 5, "num_statements": 5, "percent_covered": 100.0, "percent_covered_display": "100.00", "missing_lines": 0, "excluded_lines": 0, "percent_statements_covered": 100.0, "percent_statements_covered_display": "100.00"}, "missing_lines": [], "excluded_lines": [], "start_line": 200}, "RuleEngine.process_event": {"executed_lines": [210, 212, 213, 215, 216, 217, 237], "summary": {"covered_lines": 7, "num_statements": 16, "percent_covered": 43.75, "percent_covered_display": "43.75", "missing_lines": 9, "excluded_lines": 0, "percent_statements_covered": 43.75, "percent_statements_covered_display": "43.75"}, "missing_lines": [220, 222, 223, 226, 227, 228, 231, 234, 235], "excluded_lines": [], "start_line": 208}, "RuleEngine._match_rule": {"executed_lines": [241, 244, 245, 246, 247, 248, 250, 251, 254, 255, 256, 257, 258, 263], "summary": {"covered_lines": 14, "num_statements": 17, "percent_covered": 82.3529411764706, "percent_covered_display": "82.35", "missing_lines": 3, "excluded_lines": 0, "percent_statements_covered": 82.3529411764706, "percent_statements_covered_display": "82.35"}, "missing_lines": [259, 260, 261], "excluded_lines": [], "start_line": 239}, "RuleEngine._eval_filter": {"executed_lines": [267, 269, 270, 271, 272, 275, 281, 282], "summary": {"covered_lines": 8, "num_statements": 12, "percent_covered": 66.66666666666667, "percent_covered_display": "66.67", "missing_lines": 4, "excluded_lines": 0, "percent_statements_covered": 66.66666666666667, "percent_statements_covered_display": "66.67"}, "missing_lines": [277, 283, 284, 285], "excluded_lines": [], "start_line": 265}, "RuleEngine._safe_eval_fallback": {"executed_lines": [291, 293, 294, 295, 296, 297, 298, 299, 300, 303, 304, 305, 306, 307, 308], "summary": {"covered_lines": 15, "num_statements": 15, "percent_covered": 100.0, "percent_covered_display": "100.00", "missing_lines": 0, "excluded_lines": 0, "percent_statements_covered": 100.0, "percent_statements_covered_display": "100.00"}, "missing_lines": [], "excluded_lines": [], "start_line": 287}, "RuleEngine._check_aggregate": {"executed_lines": [312, 313, 314, 317, 318, 321, 322, 325, 326, 331, 332, 334, 336, 337, 338, 340, 343, 345], "summary": {"covered_lines": 18, "num_statements": 19, "percent_covered": 94.73684210526316, "percent_covered_display": "94.74", "missing_lines": 1, "excluded_lines": 0, "percent_statements_covered": 94.73684210526316, "percent_statements_covered_display": "94.74"}, "missing_lines": [328], "excluded_lines": [], "start_line": 310}, "RuleEngine._in_whitelist": {"executed_lines": [349, 351, 352, 353, 354, 355, 357, 358, 359, 360, 361, 362, 363, 364, 366], "summary": {"covered_lines": 15, "num_statements": 15, "percent_covered": 100.0, "percent_covered_display": "100.00", "missing_lines": 0, "excluded_lines": 0, "percent_statements_covered": 100.0,